{
  "attention_probs_dropout_prob": 0.0,
  "directionality": "bidi", 
  "hidden_act": "gelu", 
  "hidden_dropout_prob": 0.0,
  "hidden_size": 2048,
  "embedding_size": 128,
  "initializer_range": 0.02, 
  "intermediate_size": 8192,
  "max_position_embeddings": 512, 
  "num_attention_heads": 32,
  "num_hidden_layers": 24,

  "pooler_fc_size": 1024,
  "pooler_num_attention_heads": 64,
  "pooler_num_fc_layers": 3, 
  "pooler_size_per_head": 128, 
  "pooler_type": "first_token_transform", 
  "type_vocab_size": 2, 
  "vocab_size": 21128,
  "ln_type":"postln"

}
